start,ending
psm29wdc8yg9,shc66kys3qk2
tce68udl4wo9,hkn87cxd2fj1
ney21ogm8jm8,nvr93nyp1pk3
pop77khq8nc8,oas47pbn3wt9
rqj88fbk6wb1,ugq07mpx7jg4
yrp34oqc3ch5,qns71xxg7sy1
qgs68scp0yx9,xwb45krb3cv9
ycf88xqg7et6,nuq60gls7ur5
tcg24hre4zs8,hqg24yco9fc3
lli40aar1xw1,kil88ykk1jt8
cbh89gar7ll4,vyi03sew5lh4
nvc26eyf1nl2,vbt37kru4oj7
gcu87snf1ub3,ycn11lmo5uj7
dcf17cth2rr9,hri81jnb6xp3
mou33bft4nd6,vcn15ltt7my7
icr25bam1ey2,rjk28tos4mc3
lcv25teu4qi7,fpx60pfo5dh3
flt04muk7ih8,juq07xyv6lf5
qjq11xnd2if7,quf77xht6vp6
sjb34osi6re9,bjy31oxu4nh1
std24wdp3ye9,xnu88het5nc7
fnh71yjt1in6,ioi82krk5pw6
sjs91tjc2bl4,mok36glb1wn3
zky81trx4ne8,git36thr1ev7
eyc23tbb6pk2,ekh47fnw8vr4
uck32irm0um2,suc31pjh0ps0
dns27fzj3pc6,pgw14fjy9yn7
hjk51rrr7ck2,dpt96alb1fu4
ozn50ylf4zs5,rjl24ikk6hw1
izm47kts3fo8,huv17lxo3eh8
amf32dvn4je4,ayi41mpg8mg8
gib54uda3tc1,eyp36krc4uu2
qnr47uyf3ki6,ngi22nki6hj2
ppc87kuw8xs8,gkc67zfe5up5
rcq17wwf1wv2,pgu72ijt6dd4
lfp02rfk4mh6,jjf26czq2ts6
pkr77ecx7zf7,sub15jek4mz9
dca93rxo1jf2,ilb61itz0gv7
ozh86any1df2,nve01lsd9ov1
olu78fbz8jr4,uvs82ofc1ag1
duu15inm6su1,esj11oei6wm8
osm55jrk3eh1,fpe19cra2fn0
cgq76ybl3sr1,dtk83fgp5iv8
nfd68mly6sx4,rzx52lax2dy1
ukg83zgq1bn6,oyz24iyf2vj6
rzh27sjd6sz2,pju11rmq7nv6
lei69yyr1nx8,rmd71akp2rs2
gos44jjl2oj9,fir60zss4zm1
hnt11cpx3uy4,nxz89cyk8ny2
ynk44gyz8qy9,cuv34cni8bv2
jqn26qnq2dw5,vsb54nxr4pm2
blw62rda7pv4,fhj48hvc6mp8
dwr73riq8yk3,lru13bei1yr4
ljg45cuc2wv3,izt07qnq3gh6
nko70uwc3iy8,sdx31ndy6kj4
wnk81mqn9fy7,vtg81dpg5kf7
uwx62can7gp5,jni99ioo3jf2
gvq22weu4fm8,jvf09ogj5jz1
hqs58kns1yf7,rbj32iko4jq8
myz26yxf3dk9,xop92zim5bq5
tvm87rpv4id1,eop64hrc2rd7
cmf25owd4sj3,vjl25wsz8wn3
rcy59tos9jx6,ucw36mut8by3
cqe51rlq7qf7,txf83pnb0rc2
mhr26kkg4ll4,oyb42egs1uk7
ynw76lem3de7,tgx17miu7ee8
rbo91gwu1nr6,nfx41dnn1sb3
vgj51mrd8ha2,mud88rin5vp1
goc25otl2ge4,vra22fwi5pu0
szc55wos6gg2,kzo17wxu9hn9
fhj47jjx3yk1,rdy25jjp5ne0
dhh83uyu6wh8,mmn36fne8xr5
kms14cvj9ay4,kod18myu7ku3
khv41byx0yq9,qee21ilb6gw1
jzw49lig8qt0,ggs28hbn2dx3
ceq41dxk5yp1,nqp26gfq1vt3
kom55jrn4ee5,cyn68elk4tl4
xvq03wew7pa8,gfv25ntm9et2
hpw47oed5cn7,yjq46icy4hr7
llm11iyf4vm7,vip14hll7rc6
nrh76mab2ij3,bwl71lcn5cb1
vhh41kzr0ur7,xsj60jck0gc8
ybu13tbr4ga4,vym42jfv7bj6
drz81pcc6ug5,xhx82tkv6di4
fhx48yyo5mb5,joq96ruo0ad6
crm93cds3wp5,tkg62nou6rd7
dqn46bmv6kb5,pfh84krs9yv7
ljj77yow2hr3,fxy62kcq7zz4
utp40gjr2px1,mbn77ygw7jm3
mur57vgw5gw0,jkm38rth9mm2
lpw92joc5fx7,cuu57jkk7gy8
mfc62qxx6gz8,mgy88isx6px3
qqo21oqx3yu8,zml66omn4vv4
kqt68nos2cn0,emi36mec5ho9
anm54oci5xr3,gky27bvl2yd7
wud01vvl6nd7,rxt31lmq9ru6
kns28eos6kh9,gdt48yqn2eq2
kpc37nrl5yt6,qmv51jqy0mg0
rfn23mby8cv4,xyf42pyy5xt6
ole40bwc3vl5,laz17utg2lj1